ID,Age,Gender,Club
1,12,F,Chill Chill Music
2,12,F,Chill Chill Music
3,12,F,Cover Dance
4,12,F,Cover Dance
5,12,F,Chill Chill Music
6,12,M,Crossword Game
7,12,M,Crossword Game
8,12,M,Cover Dance
9,13,F,Crossword Game
10,13,F,Chill Chill Music
11,13,F,Crossword Game
12,13,M,Cover Dance
13,13,M,DIY
14,13,M,Cover Dance
15,13,M,DIY
16,14,F,Cover Dance
17,14,F,DIY
18,14,F,Chill Chill Music
19,14,F,Cover Dance
20,14,F,Crossword Game
21,14,M,Cover Dance
22,14,M,Chill Chill Music
23,14,M,Chill Chill Music
24,14,M,DIY
25,14,M,Cover Dance
26,14,M,Crossword Game
27,14,M,DIY
28,15,F,Chill Chill Music
29,15,F,DIY
30,15,M,Cover Dance
31,15,M,Chill Chill Music
32,15,M,DIY
33,15,M,Cover Dance
34,15,M,Crossword Game
35,16,F,DIY
36,16,F,Chill Chill Music
37,16,M,DIY
38,17,F,Cover Dance
39,17,M,Cover Dance
40,17,M,Crossword Game
